epoch,edge_final_output_loss,edge_side_output_1_loss,edge_side_output_2_loss,edge_side_output_3_loss,edge_side_output_4_loss,line_final_output_loss,line_side_output_1_loss,line_side_output_2_loss,line_side_output_3_loss,line_side_output_4_loss,loss,surface_final_output_loss,surface_side_output_1_loss,surface_side_output_2_loss,surface_side_output_3_loss,surface_side_output_4_loss,surface_side_output_5_loss,val_edge_final_output_loss,val_edge_side_output_1_loss,val_edge_side_output_2_loss,val_edge_side_output_3_loss,val_edge_side_output_4_loss,val_line_final_output_loss,val_line_side_output_1_loss,val_line_side_output_2_loss,val_line_side_output_3_loss,val_line_side_output_4_loss,val_loss,val_surface_final_output_loss,val_surface_side_output_1_loss,val_surface_side_output_2_loss,val_surface_side_output_3_loss,val_surface_side_output_4_loss,val_surface_side_output_5_loss
0,39.34100323687646,39.1027734288452,44.00894497590353,44.00308438735002,44.00338289799438,44.15589587756062,44.14774282057982,44.14848445229113,44.148164295238864,44.14801999526018,262.05338436931044,33.283924577856475,48.537334145805836,37.652705882833274,37.70474573833875,37.67431943543007,37.656540688398294,39.333871736388275,39.110260916447295,44.011965748883675,44.007237774392834,44.00756982443989,44.14761164568473,44.14347849306853,44.144065740834115,44.143519360086195,44.14348293802013,264.70488020302594,34.335160600966304,49.75301387621009,38.727671332981274,38.76404632347217,38.73985052799833,38.72527492357337
1,39.10565945193741,38.94415902679857,44.00332765308761,44.001041976797005,44.0024417402124,44.150538556231815,44.14775615085362,44.147986697797855,44.147761409585485,44.14775949047761,261.6109345949975,33.1109141527357,48.57223680075235,37.6548643570793,37.678934062012324,37.660644039713794,37.650068490043665,39.29872865538666,39.17805780051411,44.00820555756057,44.00606095134348,44.00913814047109,44.145353554988255,44.143477497930114,44.14381620987602,44.14348491171132,44.14348595660666,264.544560573412,34.23167196633159,49.669673151209736,38.722365957066636,38.73839502749236,38.72418173085088,38.716176544410594
